,document_id,document_text,entity,gold_answer,pred
0,ru-10,"Тереза Мэй рассчитывает усидеть в седле до завершения процедуры Brexit
Тем не менее, по сведениям британских СМИ, на предстоящей в конце сентября конференции партии тори противники Мэй навяжут ей серьезный бой, из которого не факт, что она выйдет победителем. Фаворит букмекеров в качестве возможного сменщика нынешнего премьера, бывший министр иностранных дел Британии Борис Джонсон намерен выступить с альтернативным докладом, который не оставит камня на камне от взглядов главы правительства на условия ""брекзита"". С точки зрения Джонсона, ""Лондон обернул британскую конституцию поясом смертника и вручил детонатор Мишелю Барнье (главному переговорщику Брюсселя по ""брекзиту"". - От ред.)"". С этой метафорой и предстоит сражаться на конференции главе правительства Альбиона.
Ради будущего торгового договора с единой Европой Лондон действительно согласился на множество уступок. Во-первых, он заплатит Брюсселю 39 миллиардов фунтов стерлингов. Во-вторых, будет выполнять законы ЕС. И, наконец, самое неприятное - от Британии требуют, чтобы она оставила Северную Ирландию в составе таможенного союза единой Европы. Это означает, по мнению Джонсона, что Британия может потерять Северную Ирландию, поскольку их союз в любой момент окажется в состоянии разорвать Брюссель. Понятно, что для гордых англичан такая потенциальная зависимость выглядит неприемлемой, да и терять территории Соединенного Королевства тоже не хочется. ""Мы сумели низвести великий британский брексит до двух ужасающих вариантов - или мы раскалываем наш союз, или вся страна навсегда обязана выполнять европейские законы"", - с присущим ему пафосом восклицает Джонсон, обращаясь к однопартийцам. Он убежден, что действия нынешнего премьера означают, что Британия ""направилась к статусу колонии"", не получив ничего взамен от единой Европы. Чем ответит Мэй на эти обвинения, схожие по составу с государственной изменой, не ясно. Судя по ее выступлению в четверг на экстренном саммите Евросоюза в Брюсселе, британский премьер рассчитывает на значительные уступки со стороны бывших коллег по единой Европе. И не прочь пошантажировать их возможным приходом Джонсона к власти на Альбионе: ведь в этом случае Брюсселю придется иметь дело с непредсказуемым, ""идейным"" переговорщиком, с которым практически невозможно договориться полюбовно.
При всей ""конспирологичности"" нельзя полностью исключать версию, что экс-глава британского МИДа закулисно договорился с Мэй. И теперь действует по классической схеме боевиков - в то время как Борис Джонсон на публике изображает ""плохого полицейского"", Мэй в глазах Евросоюза выглядит белой и пушистой овечкой. Этот план, если он действительно существует, срабатывает на пятерку - перед началом открывшегося в среду экстренного саммита Евросоюза австрийский канцлер Себастьян Курц заявил, что ""брекзит"" без сделки был бы для всех проигрышным"", и ""значительно лучше договориться"". А европейские СМИ, ссылаясь на свои источники, утверждают: в Брюсселе хотят ""спасти Терезу"" от возможной отставки на конференции Консервативной партии и ради этого пойдут на уступки Лондону. В противном случае избежать хаоса, который возникнет, если Джонсон займет кресло британского премьера, избежать не удастся. А вариант триумфального возвращения Джонсона в правительство исключать нельзя - в британских букмекерских конторах критикующий договоренности с Евросоюзом бывший министр иностранных дел считается кандидатом - фаворитом на пост премьера.
Кстати, Мэй тоже не прочь попугать своих европейских собеседников. В частности, она заявила, что в Лондоне уже готовятся к возможному выходу из состава Евросоюза по жесткому сценарию, без соглашения. ""По некоторым вопросам будут серьезные трудности и для Британии, и для Евросоюза"", - равнодушно констатировала премьер. Однако эксперты Международного валютного фонда предполагают, что в случае такого сценария Лондон потеряет значительно больше, чем единая Европа. Пока политики по обе стороны Ла-Манша пытаются взять друг друга ""на слабо"", британский бизнес создает запасы европейских товаров, включая лекарственные препараты. Со своей стороны Еврокомиссия готовит пакет экстренных законов в области регулирования финансовых рынков. Впрочем, даже договорившись с руководством Евросоюза об условиях выхода Британии и благополучно пережив в качестве премьера конференцию тори, Мэй не может быть уверенной, что далее все пройдет гладко. Дело в том, что соглашение Лондона и Брюсселя предстоит утвердить Европейскому и британскому парламентам. А там достаточно горячих голов, готовых в пух и прах разнести выстраданный на длительных переговорах компромисс, который в конечном итоге не понравится на 100 процентов ни британцам, ни европейцам. Так, оппозиционные британские лейбористы уже заявили, что проголосуют против любой сделки с Брюсселем, которую предложит Мэй. Столь же непримиримо к достигнутым премьером компромиссам настроена часть консерваторов. Так что утверждение сделки с Евросоюзом в британском парламенте может в принципе не состояться. При этом сценарии экономическое, да и политическое будущее Альбиона выглядит непредсказуемым и весьма туманным. Впрочем, к подобным капризам погоды британцам не привыкать...
","[('Brexit', 'Brexit', 'EVT', 'EVT-Brexit'), ('Альбиона', 'Альбион', 'LOC', 'GPE-Great-Britain'), ('Альбионе', 'Альбион', 'LOC', 'GPE-Great-Britain'), ('Борис Джонсон', 'Борис Джонсон', 'PER', 'PER-Boris-Johnson'), ('Британии', 'Британия', 'LOC', 'GPE-Great-Britain'), ('Британия', 'Британия', 'LOC', 'GPE-Great-Britain'), ('Брюсселе', 'Брюссель', 'LOC', 'GPE-Brussles'), ('Брюсселем', 'Брюссель', 'LOC', 'GPE-Brussles'), ('Брюссель', 'Брюссель', 'LOC', 'GPE-Brussles'), ('Брюсселю', 'Брюссель', 'LOC', 'GPE-Brussles'), ('Брюсселя', 'Брюссель', 'LOC', 'GPE-Brussles'), ('Джонсон', 'Джонсон', 'PER', 'PER-Boris-Johnson'), ('Джонсона', 'Джонсон', 'PER', 'PER-Boris-Johnson'), ('ЕС', 'ЕС', 'ORG', 'ORG-European-Union'), ('Еврокомиссия', 'Еврокомиссия', 'ORG', 'ORG-European-Commission'), ('Европа', 'Европа', 'LOC', 'LOC-Europe'), ('Европе', 'Европа', 'LOC', 'LOC-Europe'), ('Европейскому', 'Европейский', 'ORG', 'ORG-European-Parlament'), ('Европой', 'Европа', 'LOC', 'LOC-Europe'), ('Европы', 'Европа', 'LOC', 'LOC-Europe'), ('Евросоюза', 'Евросоюз', 'ORG', 'ORG-European-Union'), ('Евросоюзом', 'Евросоюз', 'ORG', 'ORG-European-Union'), ('Консервативной партии', 'Консервативная партия', 'ORG', 'ORG-Conservative-and-Unionist-Party-UK'), ('Ла-Манша', 'Ла-Манш', 'LOC', 'LOC-English-Channel'), ('Лондон', 'Лондон', 'LOC', 'GPE-London'), ('Лондона', 'Лондон', 'LOC', 'GPE-London'), ('Лондоне', 'Лондон', 'LOC', 'GPE-London'), ('Лондону', 'Лондон', 'LOC', 'GPE-London'), ('Международного валютного фонда', 'Международный валютный фонд', 'ORG', 'ORG-International-Monetary-Fund'), ('Мишелю Барнье', 'Мишель Барнье', 'PER', 'PER-Michel-Barnier'), ('Мэй', 'Мэй', 'PER', 'PER-Theresa-May'), ('Себастьян Курц', 'Себастьян Курц', 'PER', 'PER-Sebastian-Kurz'), ('Северную Ирландию', 'Северная Ирландия', 'LOC', 'GPE-Northern-Ireland'), ('Соединенного Королевства', 'Соединенное Королевство', 'LOC', 'GPE-Great-Britain'), ('Тереза Мэй', 'Тереза Мэй', 'PER', 'PER-Theresa-May'), ('Терезу', 'Тереза', 'PER', 'PER-Theresa-May'), ('брекзит', 'брекзит', 'EVT', 'EVT-Brexit'), ('брекзита', 'брекзит', 'EVT', 'EVT-Brexit'), ('брекзиту', 'брекзит', 'EVT', 'EVT-Brexit'), ('брексит', 'брексит', 'EVT', 'EVT-Brexit'), ('британском парламенте', 'британский парламент', 'ORG', 'ORG-British-Parlament'), ('британскому парламентам', 'британский парламент', 'ORG', 'ORG-British-Parlament'), ('лейбористы', 'лейборист', 'ORG', 'ORG-Labour-Party-UK'), ('тори', 'тори', 'ORG', 'ORG-Conservative-and-Unionist-Party-UK')]",[Brexit|EVT]; [Альбиона|LOC]; [Альбионе|LOC]; [Борис Джонсон|PER]; [Британии|LOC]; [Британия|LOC]; [Брюсселе|LOC]; [Брюсселем|LOC]; [Брюссель|LOC]; [Брюсселю|LOC]; [Брюсселя|LOC]; [Джонсон|PER]; [Джонсона|PER]; [ЕС|ORG]; [Еврокомиссия|ORG]; [Европа|LOC]; [Европе|LOC]; [Европейскому|ORG]; [Европой|LOC]; [Европы|LOC]; [Евросоюза|ORG]; [Евросоюзом|ORG]; [Консервативной партии|ORG]; [Ла-Манша|LOC]; [Лондон|LOC]; [Лондона|LOC]; [Лондоне|LOC]; [Лондону|LOC]; [Международного валютного фонда|ORG]; [Мишелю Барнье|PER]; [Мэй|PER]; [Себастьян Курц|PER]; [Северную Ирландию|LOC]; [Соединенного Королевства|LOC]; [Тереза Мэй|PER]; [Терезу|PER]; [брекзит|EVT]; [брекзита|EVT]; [брекзиту|EVT]; [брексит|EVT]; [британском парламенте|ORG]; [британскому парламентам|ORG]; [лейбористы|ORG]; [тори|ORG],"[""брекзит""|EVT]; [Brexit|EVT]; [Австрия|LOC]; [Альбион|LOC]; [Борис Джонсон|PER]; [Брюссель|LOC]; [Великобритания|LOC]; [Джонсон|PER]; [Джонсона|PER]; [Джонсоном|PER]; [ЕС|ORG]; [Еврокомиссия|ORG]; [Европейский союз|ORG]; [Европейской|LOC]; [Европейскому парламенту|ORG]; [Европы|LOC]; [Евросоюз|ORG]; [Ла-Манш|LOC]; [Лондон|LOC]; [Лондоном|LOC]; [Международный валютный фонд|ORG]; [Мишель Барнье|PER]; [Мэй|PER]; [СМИ|ORG]; [Северную Ирландию|LOC]; [Соединенное Королевство|LOC]; [Тереза Мэй|PER]; [бизнес|ORG]; [брекзит|EVT]; [британская конституция|PRO]; [британским парламентом|ORG]; [британском парламенте|ORG]; [британскому парламенту|ORG]; [будущее|PRO]; [бывший министр иностранных дел|ORG]; [европейские законы|PRO]; [единой Европы|LOC]; [канцлер Себастьян Курц|PER]; [колонией|LOC]; [лейбористы|ORG]; [лекарственные препараты|PRO]; [министр иностранных дел Британии|ORG]; [партии тори|ORG]; [политическое|PRO]; [пост премьера|ORG]; [саммит|EVT]; [сентября|LOC]; [страны|LOC]; [таможенный союз единой Европы|ORG]; [территории|LOC]; [финансовых рынках|LOC]; [часть консерваторов|ORG]; [экономическое|PRO]; [экстренного саммита Европейского союза|EVT]"
1,ru-1006,"Захарова лирически прокомментировала отставку Джонсона
Официальный представитель МИД России Мария Захарова прокомментировала в своем Facebook решение министра иностранных дел Великобритании Бориса Джонсона уйти в отставку. Захарова написала: Учитывая его лирический склад и любовь к русской литературе, вспомнились строки ""не вынесла душа поэта"", которые хочется завершить на слове ""позора"". Помните, мы говорили о том, что вся эта грязная многокомпонентная интрига плачевно закончится для правительства Т. Мэй?. По мнению Захаровой, в Британии все отчетливее проступают контуры правительственного кризиса, причем оставаться в этой дырявой шлюпке не захотел даже британский король политической эксцентрики. Напомним, Борис Джонсон стал третьим по счету министром в кабинете Мэй, покинувшим свой пост в знак протеста против условий Brexit.
","[('Brexit', 'Brexit', 'EVT', 'EVT-Brexit'), ('Facebook', 'Facebook', 'PRO', 'PRO-Facebook'), ('Борис Джонсон', 'Борис Джонсон', 'PER', 'PER-Boris-Johnson'), ('Бориса Джонсона', 'Борис Джонсон', 'PER', 'PER-Boris-Johnson'), ('Британии', 'Британия', 'LOC', 'GPE-Great-Britain'), ('Великобритании', 'Великобритания', 'LOC', 'GPE-Great-Britain'), ('Джонсона', 'Джонсон', 'PER', 'PER-Boris-Johnson'), ('Захарова', 'Захарова', 'PER', 'PER-Maria-Zaharova'), ('Захаровой', 'Захарова', 'PER', 'PER-Maria-Zaharova'), ('МИД России', 'МИД России', 'ORG', 'ORG-Ministry-of-Foreign-Affairs-Russia'), ('Мария Захарова', 'Мария Захарова', 'PER', 'PER-Maria-Zaharova'), ('Мэй', 'Мэй', 'PER', 'PER-Theresa-May'), ('Т. Мэй', 'Т. Мэй', 'PER', 'PER-Theresa-May')]",[Brexit|EVT]; [Facebook|PRO]; [Борис Джонсон|PER]; [Бориса Джонсона|PER]; [Британии|LOC]; [Великобритании|LOC]; [Джонсона|PER]; [Захарова|PER]; [Захаровой|PER]; [МИД России|ORG]; [Мария Захарова|PER]; [Мэй|PER]; [Т. Мэй|PER],[Brexit|EVT]; [Facebook|ORG]; [Борис Джонсон|PER]; [Британии|LOC]; [Захарова|PER]; [Захаровой|PER]; [МИД России|ORG]; [Мария Захарова|PER]; [Мэй|PER]; [Т. Мэй|PER]; [министра иностранных дел Великобритании|ORG]
2,ru-1004,"Борис Джонсон ушел в отставку с поста главы МИД Великобритании
Глава МИД Великобритании Борис Джонсон ушел в отставку, сообщает ТАСС со ссылкой на канцелярию премьер-министра страны Терезы Мэй.
Имя нового министра обещают назвать в ближайшее время. Также сообщается, что Мэй поблагодарила Джонсона за работу.
8 июля в отставку подал министр по вопросам Brexit Дэвид Дэвис. Причиной стало его несогласие с предложенным Мэй планом развития отношений с Евросоюзом после Brexit. Дэвис счел его слишком большой уступкой ЕС. Сообщалось, что Джонсон также резко раскритиковал план премьера. Сегодня экс-глава МИД должен был принять участие в пресс-конференции с коллегами из Германии и Польши на проходящем в Лондоне саммите по развитию региона Западных Балкан. В итоге Джонсон так и не пришел на мероприятие. Пост министра иностранных дел он занимал меньше двух лет. Политические аналитики полагают, что его отставка может привести к борьбе внутри правящей Консервативной партии за пост лидера, что в итоге станет причиной отставки Мэй с должности партийного руководителя и премьер-министра.
","[('Brexit', '', 'EVT', 'EVT-Brexit'), ('Борис Джонсон', '', 'PER', 'PER-Boris-Johnson'), ('Германии', '', 'LOC', 'GPE-Germany'), ('Джонсон', '', 'PER', 'PER-Boris-Johnson'), ('Джонсона', '', 'PER', 'PER-Boris-Johnson'), ('Дэвид Дэвис', '', 'PER', 'PER-David-Davis'), ('Дэвис', '', 'PER', 'PER-David-Davis'), ('ЕС', '', 'ORG', 'ORG-European-Union'), ('Евросоюзом', '', 'ORG', 'ORG-European-Union'), ('Западных Балкан', '', 'LOC', 'LOC-Balkans'), ('Консервативной партии', '', 'ORG', 'ORG-Conservative-and-Unionist-Party-UK'), ('Лондоне', '', 'LOC', 'GPE-London'), ('МИД Великобритании', '', 'ORG', 'ORG-Foreign-Office'), ('МИД', '', 'ORG', 'ORG-Foreign-Office'), ('Мэй', '', 'PER', 'PER-Theresa-May'), ('Польши', '', 'LOC', 'GPE-Poland'), ('ТАСС', 'ТАСС', 'ORG', 'ORG-TASS'), ('Терезы Мэй', '', 'PER', 'PER-Theresa-May')]",[Brexit|EVT]; [Борис Джонсон|PER]; [Германии|LOC]; [Джонсон|PER]; [Джонсона|PER]; [Дэвид Дэвис|PER]; [Дэвис|PER]; [ЕС|ORG]; [Евросоюзом|ORG]; [Западных Балкан|LOC]; [Консервативной партии|ORG]; [Лондоне|LOC]; [МИД Великобритании|ORG]; [МИД|ORG]; [Мэй|PER]; [Польши|LOC]; [ТАСС|ORG]; [Терезы Мэй|PER],[Brexit|EVT]; [Борис Джонсон|PER]; [Германия|LOC]; [Джонсон|PER]; [Джонсона|PER]; [Дэвид Дэвис|PER]; [Дэвис|PER]; [ЕС|ORG]; [Консервативной партии|ORG]; [Лондоне|LOC]; [МИД Великобритании|ORG]; [МИД|ORG]; [Мэй|PER]; [Польша|LOC]; [ТАСС|ORG]; [Терезы Мэй|PER]; [канцелярия премьер-министра|ORG]; [министр по вопросам Brexit|ORG]; [министра иностранных дел|ORG]; [партичного руководителя|ORG]; [премьер-министра|ORG]; [премьера|PER]; [региона Западных Балкан|LOC]; [саммите|EVT]; [страны|LOC]
3,ru-1011,"За Борисом Джонсоном последует сама Мэй - британская пресса о главном политическом кризисе недели
Комментируя отставку министра иностранных дел Великобритании Бориса Джонсона, британские СМИ напоминают, что он был одним из самых ярких противников планов премьер-министра Великобритании Терезы Мэй, которая планировала мягкий выход из ЕС. Так, СМИ полагают, что отставка Джонсона, которая последовала сразу же за отставкой министра по выходу Великобритании из ЕС, повысит чувство кризиса в политической элите Великобритании. В дальнейшем это должно претвориться в отставку самой Терезы Мэй, уверено издание The Guardian. Издание называет такое развитие событий самым негативным последствием Brexit. Отметим, что перед отставкой Борис Джонсон уже не стеснялся и открыто критиковал Терезу Мэй, сообщают британские СМИ. Напомним, что до Джонсона поджал в отставку министр по выходу Великобритании из ЕС Дэвид Дэвис. Его отставка состоялась буквально накануне того, как Тереза Мэй должна была Палате общин, в ходе которого она должна представить только что одобренную кабинетом министров стратегию выхода страны из Евросоюза. Разногласия Мэй с Дэвисом и Джонсоном были принципиального характера. Мэй предложила мягкий вариант выхода, суть которого заключается в том, что создание создаются зоны свободной торговли с ЕС для промышленных и сельскохозяйственных товаров, а также сохраняются таможенные стандартов ЕС на границе с Великобританией. В то время как два ключевых министра, которые теперь в отставке, считают такую стратегию ослабляющей страну, она не позволит влиять на решения ЕС. Сам выход Великобритании из ЕС будет оформлен 29 марта.
","[('Brexit', 'Brexit', 'EVT', 'EVT-Brexit'), ('The Guardian', 'The Guardian', 'PRO', 'PRO-The-Guardian'), ('Борис Джонсон', 'Борис Джонсон', 'PER', 'PER-Boris-Johnson'), ('Бориса Джонсона', 'Борис Джонсон', 'PER', 'PER-Boris-Johnson'), ('Борисом Джонсоном', 'Борис Джонсон', 'PER', 'PER-Boris-Johnson'), ('Великобританией', 'Великобритания', 'LOC', 'GPE-Great-Britain'), ('Великобритании', 'Великобритания', 'LOC', 'GPE-Great-Britain'), ('Джонсона', 'Джонсон', 'PER', 'PER-Boris-Johnson'), ('Джонсоном', 'Джонсон', 'PER', 'PER-Boris-Johnson'), ('Дэвид Дэвис', 'Дэвид Дэвис', 'PER', 'PER-David-Davis'), ('Дэвисом', 'Дэвис', 'PER', 'PER-David-Davis'), ('ЕС', 'ЕС', 'ORG', 'ORG-European-Union'), ('Евросоюза', 'Евросоюз', 'ORG', 'ORG-European-Union'), ('Мэй', 'Мэй', 'PER', 'PER-Theresa-May'), ('Палате общин', 'Палата общин', 'ORG', 'ORG-House-of-Commons'), ('Тереза Мэй', 'Тереза Мэй', 'PER', 'PER-Theresa-May'), ('Терезу Мэй', 'Тереза Мэй', 'PER', 'PER-Theresa-May'), ('Терезы Мэй', 'Тереза Мэй', 'PER', 'PER-Theresa-May')]",[Brexit|EVT]; [The Guardian|PRO]; [Борис Джонсон|PER]; [Бориса Джонсона|PER]; [Борисом Джонсоном|PER]; [Великобританией|LOC]; [Великобритании|LOC]; [Джонсона|PER]; [Джонсоном|PER]; [Дэвид Дэвис|PER]; [Дэвисом|PER]; [ЕС|ORG]; [Евросоюза|ORG]; [Мэй|PER]; [Палате общин|ORG]; [Тереза Мэй|PER]; [Терезу Мэй|PER]; [Терезы Мэй|PER],[29 марта|DATE]; [Brexit|EVT]; [ES|ORG]; [The Guardian|ORG]; [Борис Джонсон|PER]; [Бориса Джонсона|PER]; [Борисом Джонсоном|PER]; [Великобританией|LOC]; [Великобритании|LOC]; [Джонсона|PER]; [Джонсоном|PER]; [Дэвид Дэвис|PER]; [Дэвисом|PER]; [ЕС|ORG]; [Евросоюза|ORG]; [Мэй|PER]; [Палату общин|ORG]; [Терезу Мэй|PER]; [Терезы Мэй|PER]; [британские СМИ|ORG]; [два ключевых министра|ORG]; [кабинетом министров|ORG]; [министра иностранных дел Великобритании|ORG]; [министра по выходу Великобритании из ЕС|ORG]; [премьер-министра Великобритании|ORG]; [разногласия Мэй|PER]; [страны|LOC]
4,ru-1001,"Глава МИД Британии Борис Джонсон подал в отставку
Министр иностранных дел Великобритании Борис Джонсон ушел в отставку. Об этом сообщает Associated Press. Премьер-министр Тереза Мэй приняла отставку Джонсона. ""Премьер поблагодарила Бориса за работу. О том, кто станет новым министром, будет объявлено в ближайшее время"", - сообщили также в канцелярии премьера.
Ранее Мэй пообещала отправить в отставку Джонсона, если он откажется принять ее позицию по плавному выходу из Евросоюза. Напомним, что Джонсон является сторонником жесткого Brexit . Он уверен, что план Мэй, который подразумевает создание зоны свободной торговли с ЕС, сохранит зависимость Соединенного Королевства от Евросоюза.
","[('Associated Press', '', 'ORG', 'ORG-The-Associated-Press'), ('Brexit', 'Brexit', 'EVT', 'EVT-Brexit'), ('Борис Джонсон', 'Борис Джонсон', 'PER', 'PER-Boris-Johnson'), ('Бориса', 'Борис', 'PER', 'PER-Boris-Johnson'), ('Великобритании', 'Великобритания', 'LOC', 'GPE-Great-Britain'), ('Джонсон', 'Джонсон', 'PER', 'PER-Boris-Johnson'), ('Джонсона', 'Джонсон', 'PER', 'PER-Boris-Johnson'), ('ЕС', 'ЕС', 'ORG', 'ORG-European-Union'), ('Евросоюза', 'Евросоюз', 'ORG', 'ORG-European-Union'), ('Евросоюза', 'Евросоюза', 'ORG', 'ORG-European-Union'), ('МИД Британии', 'МИД Британии', 'ORG', 'ORG-Foreign-Office'), ('Мэй', 'Мэй', 'PER', 'PER-Theresa-May'), ('Соединенного Королевства', 'Соединенное Королевство', 'LOC', 'GPE-Great-Britain'), ('Тереза Мэй', 'Тереза Мэй', 'PER', 'PER-Theresa-May')]",[Associated Press|ORG]; [Brexit|EVT]; [Борис Джонсон|PER]; [Бориса|PER]; [Великобритании|LOC]; [Джонсон|PER]; [Джонсона|PER]; [ЕС|ORG]; [Евросоюза|ORG]; [Евросоюза|ORG]; [МИД Британии|ORG]; [Мэй|PER]; [Соединенного Королевства|LOC]; [Тереза Мэй|PER],[Associated Press|ORG]; [Борис Джонсон|PER]; [Бориса|PER]; [Джонсона|PER]; [ЕС|ORG]; [Евросоюза|ORG]; [Жесткого Brexit|EVT]; [МИД Британии|ORG]; [Мэй|PER]; [Соединенного Королевства|LOC]; [Тереза Мэй|PER]; [канцелярии премьера|ORG]; [министр иностранных дел Великобритании|ORG]; [премьер-министр|ORG]
5,ru-1000,"Подробности.ua: Третий за сутки: Борис Джонсон покинул пост министра иностранных дел Великобритании
Таким образом, Джонсон стал третьим министром, который покинул свой пост в течении суток. Раннее о своем уходе объявили министр по вопросам выхода Великобритании из ЕС Дэвид Дэвис и заместитель министра по Brexit Стив Бейкер. Напомним, ранее премьер-министр Великобритании Тереза Мэй пообещала отправить в отставку главу МИД Соединенного Королевства Бориса Джонсона, если он попытается ослабить согласованную ее кабинетом коллективную позицию относительно будущих переговоров с ЕС.
Об этом сообщает The Guardian, передает УНН. ""Сегодня днем премьер-министр принял отставку Бориса Джонсона с поста качестве министра иностранных дел. Его замена будет объявлена в ближайшее время. Премьер-министр благодарит Бориса за его работу"", - сообщил пресс-секретарь британского парламента.
","[('Brexit', 'Brexit', 'EVT', 'EVT-Brexit'), ('The Guardian', 'The Guardian', 'PRO', 'PRO-The-Guardian'), ('Борис Джонсон', 'Борис Джонсон', 'PER', 'PER-Boris-Johnson'), ('Бориса Джонсона', 'Борис Джонсон', 'PER', 'PER-Boris-Johnson'), ('Бориса', 'Бориса', 'PER', 'PER-Boris-Johnson'), ('Великобритании', 'Великобритания', 'LOC', 'GPE-Great-Britain'), ('Джонсон', 'Джонсон', 'PER', 'PER-Boris-Johnson'), ('Дэвид Дэвис', 'Дэвид Дэвис', 'PER', 'PER-David-Davis'), ('ЕС', 'ЕС', 'ORG', 'ORG-European-Union'), ('МИД Соединенного Королевства', 'МИД Соединенного Королевства', 'ORG', 'ORG-Foreign-Office'), ('Подробности.ua', 'Подробности.ua', 'PRO', 'PRO-Podrobnosti'), ('Стив Бейкер', 'Стив Бейкер', 'PER', 'PER-Steve-Baker'), ('Тереза Мэй', 'Тереза Мэй', 'PER', 'PER-Theresa-May'), ('УНН', 'УНН', 'ORG', 'ORG-UNN')]",[Brexit|EVT]; [The Guardian|PRO]; [Борис Джонсон|PER]; [Бориса Джонсона|PER]; [Бориса|PER]; [Великобритании|LOC]; [Джонсон|PER]; [Дэвид Дэвис|PER]; [ЕС|ORG]; [МИД Соединенного Королевства|ORG]; [Подробности.ua|PRO]; [Стив Бейкер|PER]; [Тереза Мэй|PER]; [УНН|ORG],[The Guardian|ORG]; [ua|ORG]; [Борис Джонсон|PER]; [Бориса Джонсона|PER]; [Великобритании|LOC]; [Джонсон|PER]; [Дэвид Дэвис|PER]; [ЕС|ORG]; [МИД|ORG]; [Соединенного Королевства|LOC]; [Стив Бейкер|PER]; [Тереза Мэй|PER]; [УНН|ORG]; [министра иностранных дел|ORG]; [премьер-министр|ORG]; [пресс-секретарь британского парламента|ORG]
6,ru-1002,"09.07.2018 18:09 : Премьер-министр Великобритании Тереза Мей приняла отставку министра иностранных дел Бориса Джонсона
Премьер-министр Великобритании Тереза Мей приняла отставку министра иностранных дел Бориса Джонсона.
Это связано с несогласием относительно планов отношения Великобритании и ЕС после официального выхода страны из Евросоюза. Ранее по этой же причине в отставку ушел британский министр по делам «Брекзит» Дэвид Дэвис.
","[('Бориса Джонсона', 'Борис Джонсон', 'PER', 'PER-Boris-Johnson'), ('Брекзит', 'Брекзит', 'EVT', 'EVT-Brexit'), ('Великобритании', 'Великобритания', 'LOC', 'GPE-Great-Britain'), ('Дэвид Дэвис', 'Дэвид Дэвис', 'PER', 'PER-David-Davis'), ('ЕС', 'ЕС', 'ORG', 'ORG-European-Union'), ('Евросоюза', 'Евросоюз', 'ORG', 'ORG-European-Union'), ('Тереза Мей', 'Тереза Мей', 'PER', 'PER-Theresa-May')]",[Бориса Джонсона|PER]; [Брекзит|EVT]; [Великобритании|LOC]; [Дэвид Дэвис|PER]; [ЕС|ORG]; [Евросоюза|ORG]; [Тереза Мей|PER],[09.07.2018 18:09|DATE]; [«Брекзит»|EVT]; [Борис Джонсон|PER]; [Великобритании|LOC]; [Дэвид Дэвис|PER]; [ЕС|ORG]; [Евросоюза|ORG]; [Тереза Мей|PER]; [министра иностранных дел|ORG]
7,ru-1017,"Борис Джонсон подал в отставку с поста министра иностранных дел Великобритании
КИЕВ. 9 июля. УНН. Борис Джонсон подал в отставку с поста министра иностранных дел Великобритании. Об этом сообщает The Guardian, передает УНН. ""Сегодня днем премьер-министр принял отставку Бориса Джонсона с поста качестве министра иностранных дел. Его замена будет объявлена в ближайшее время. Премьер-министр благодарит Бориса за его работу"", - сообщил пресс-секретарь британского парламента. Таким образом, Джонсон стал третьим министром, который покинул свой пост в течении суток. Ранее о своем уходе объявили министр по вопросам выхода Великобритании из ЕС Дэвид Дэвис и заместитель министра по Brexit Стив Бейкер. Напомним, ранее премьер-министр Великобритании Тереза Мэй пообещала отправить в отставку главу МИД Соединенного Королевства Бориса Джонсона, если он попытается ослабить согласованную ее кабинетом коллективную позицию относительно будущих переговоров с ЕС.
","[('Brexit', 'Brexit', 'EVT', 'EVT-Brexit'), ('The Guardian', 'The Guardian', 'PRO', 'PRO-The-Guardian'), ('Борис Джонсон', 'Борис Джонсон', 'PER', 'PER-Boris-Johnson'), ('Бориса Джонсона', 'Борис Джонсон', 'PER', 'PER-Boris-Johnson'), ('Бориса Джонсона', 'Бориса Джонсона', 'PER', 'PER-Boris-Johnson'), ('Бориса', 'Борис', 'PER', 'PER-Boris-Johnson'), ('Великобритании', 'Великобритания', 'LOC', 'GPE-Great-Britain'), ('Джонсон', 'Джонсон', 'PER', 'PER-Boris-Johnson'), ('Дэвид Дэвис', 'Дэвид Дэвис', 'PER', 'PER-David-Davis'), ('ЕС', 'ЕС', 'ORG', 'ORG-European-Union'), ('КИЕВ', 'КИЕВ', 'LOC', 'GPE-Kiev'), ('МИД Соединенного Королевства', 'МИД Соединенного Королевства', 'ORG', 'ORG-Foreign-Office'), ('Стив Бейкер', 'Стив Бейкер', 'PER', 'PER-Steve-Baker'), ('Тереза Мэй', 'Тереза Мэй', 'PER', 'PER-Theresa-May'), ('УНН', 'УНН', 'ORG', 'ORG-UNN')]",[Brexit|EVT]; [The Guardian|PRO]; [Борис Джонсон|PER]; [Бориса Джонсона|PER]; [Бориса Джонсона|PER]; [Бориса|PER]; [Великобритании|LOC]; [Джонсон|PER]; [Дэвид Дэвис|PER]; [ЕС|ORG]; [КИЕВ|LOC]; [МИД Соединенного Королевства|ORG]; [Стив Бейкер|PER]; [Тереза Мэй|PER]; [УНН|ORG],[9 июля|DATE]; [Brexit|EVT]; [The Guardian|ORG]; [Борис Джонсон|PER]; [Бориса Джонсона|PER]; [Великобритании|LOC]; [Джонсон|PER]; [Дэвид Дэвис|PER]; [ЕС|ORG]; [Киев|LOC]; [МИД|ORG]; [Соединенного Королевства|LOC]; [Стив Бейкер|PER]; [Тереза Мэй|PER]; [УНН|ORG]; [заместитель министра|ORG]; [министра иностранных дел|ORG]; [премьер-министр|ORG]; [пресс-секретарь британского парламента|ORG]
8,ru-1003,"09.07.2018 17:02 : Министр иностранных дел Великобритании Борис Джонсон покинул свой пост
Об этом сообщает агентство Рейтер. Сегодня премьер Тереза Мэй приняла отставку. О преемнике будет объявлено позже. Мэй поблагодарила Джонсона за работу, — говорится в официальном заявлении Даунинг-Стрит. Борис Джонсон стал вторым министром, покинувшим пост на фоне обсуждения правительством деталей плана выхода Великобритании из Евросоюза. Первым это сделал министр по вопросам брекзита Дэвид Дэвис.
","[('Борис Джонсон', 'Борис Джонсон', 'PER', 'PER-Boris-Johnson'), ('Великобритании', 'Великобритания', 'LOC', 'GPE-Great-Britain'), ('Даунинг-Стрит', 'Даунинг-Стрит', 'LOC', 'LOC-Downing-Street'), ('Джонсона', 'Джонсон', 'PER', 'PER-Boris-Johnson'), ('Дэвид Дэвис', 'Дэвид Дэвис', 'PER', 'PER-David-Davis'), ('Евросоюза', 'Евросоюз', 'ORG', 'ORG-European-Union'), ('Мэй', 'Мэй', 'PER', 'PER-Theresa-May'), ('Рейтер', 'Рейтер', 'ORG', 'ORG-Reuters'), ('Тереза Мэй', 'Тереза Мэй', 'PER', 'PER-Theresa-May'), ('брекзита', 'брекзит', 'EVT', 'EVT-Brexit')]",[Борис Джонсон|PER]; [Великобритании|LOC]; [Даунинг-Стрит|LOC]; [Джонсона|PER]; [Дэвид Дэвис|PER]; [Евросоюза|ORG]; [Мэй|PER]; [Рейтер|ORG]; [Тереза Мэй|PER]; [брекзита|EVT],[09.07.2018 17:02|DATE]; [Борис Джонсон|PER]; [Великобритании|LOC]; [Даунинг-Стрит|LOC]; [Дэвид Дэвис|PER]; [Евросоюза|ORG]; [Тереза Мэй|PER]; [агентство Рейтер|ORG]; [министр иностранных дел Великобритании|ORG]; [министр по вопросам брекзита|ORG]; [премьер|ORG]
